{
  "success_rate": 0.0,
  "mean_reward": -50.0,
  "mean_ep_len": 50.0,
  "mean_action_norm": 1.442979817110723,
  "max_action_norm": 1.8318104367604828,
  "mean_delta_action_norm": 0.06626440280849001,
  "max_delta_action_norm": 0.29117098085590054,
  "mean_object_speed": 3.975665074928969e-10,
  "max_object_speed": 1.4673345760662926e-08,
  "mean_object_accel": 5.869338304265169e-10,
  "max_object_accel": 1.4673345760662926e-08,
  "action_violation_rate": 0.39499999999999996,
  "jerk_violation_rate": 0.0,
  "object_speed_violation_rate": 0.0,
  "object_accel_violation_rate": 0.0,
  "drop_violation_rate": 0.0,
  "table_slam_violation_rate": 0.0,
  "workspace_violation_rate": 0.0,
  "mean_action_mag": 1.442979817110723,
  "mean_jerk": 0.06626440280849001,
  "max_action_mag": 1.8318104367604828
}