{
  "success_rate": 1.0,
  "mean_reward": -1.5399999618530273,
  "mean_ep_len": 50.0,
  "mean_action_norm": 0.21842466641688227,
  "max_action_norm": 1.7867484580109465,
  "mean_delta_action_norm": 0.058987746759333284,
  "max_delta_action_norm": 1.2016846299691821,
  "mean_object_speed": 0.0031266940701477103,
  "max_object_speed": 0.04947882996917888,
  "mean_object_accel": 0.002555511810215255,
  "max_object_accel": 0.04840138638105301,
  "action_violation_rate": 0.0308,
  "jerk_violation_rate": 0.0228,
  "object_speed_violation_rate": 0.0,
  "object_accel_violation_rate": 0.0,
  "drop_violation_rate": 0.18999999999999997,
  "table_slam_violation_rate": 0.0,
  "workspace_violation_rate": 0.0,
  "mean_action_mag": 0.21842466641688227,
  "mean_jerk": 0.058987746759333284,
  "max_action_mag": 1.7867484580109465
}