{
  "success_rate": 0.4000000059604645,
  "mean_reward": -39.08000183105469,
  "mean_ep_len": 50.0,
  "mean_action_norm": 1.2640463308512562,
  "max_action_norm": 1.79142353049636,
  "mean_delta_action_norm": 0.45988535768370736,
  "max_delta_action_norm": 1.839443044355343,
  "mean_object_speed": 0.00864900631692401,
  "max_object_speed": 0.027677584167539338,
  "mean_object_accel": 0.0014067982973815217,
  "max_object_accel": 0.018662486496135663,
  "action_violation_rate": 0.24479999999999996,
  "jerk_violation_rate": 0.14479999999999998,
  "object_speed_violation_rate": 0.0008,
  "object_accel_violation_rate": 0.0,
  "drop_violation_rate": 0.42560000000000003,
  "table_slam_violation_rate": 0.0,
  "workspace_violation_rate": 0.0,
  "mean_action_mag": 1.2640463308512562,
  "mean_jerk": 0.45988535768370736,
  "max_action_mag": 1.79142353049636
}