{
  "success_rate": 1.0,
  "mean_reward": -1.7999999523162842,
  "mean_ep_len": 50.0,
  "mean_action_norm": 0.9878918462378061,
  "max_action_norm": 1.6647804775701287,
  "mean_delta_action_norm": 0.0503826109728301,
  "max_delta_action_norm": 0.8464197028206272,
  "mean_object_speed": 0.003145193278003993,
  "max_object_speed": 0.04835802553624093,
  "mean_object_accel": 0.002321415335445642,
  "max_object_accel": 0.04704537960251992,
  "action_violation_rate": 0.034,
  "jerk_violation_rate": 0.004,
  "object_speed_violation_rate": 0.0,
  "object_accel_violation_rate": 0.0,
  "drop_violation_rate": 0.1128,
  "table_slam_violation_rate": 0.0,
  "workspace_violation_rate": 0.0,
  "mean_action_mag": 0.9878918462378061,
  "mean_jerk": 0.0503826109728301,
  "max_action_mag": 1.6647804775701287
}