{
  "success_rate": 0.11999999731779099,
  "mean_reward": -44.13999938964844,
  "mean_ep_len": 50.0,
  "mean_action_norm": 1.3432577494321962,
  "max_action_norm": 1.855074359671175,
  "mean_delta_action_norm": 0.5848623624245948,
  "max_delta_action_norm": 2.045934104037425,
  "mean_object_speed": 0.002098677465243249,
  "max_object_speed": 0.019280418376368152,
  "mean_object_accel": 0.0016223040960943326,
  "max_object_accel": 0.016205046771966724,
  "action_violation_rate": 0.4144,
  "jerk_violation_rate": 0.22760000000000002,
  "object_speed_violation_rate": 0.002,
  "object_accel_violation_rate": 0.0,
  "drop_violation_rate": 0.0216,
  "table_slam_violation_rate": 0.0,
  "workspace_violation_rate": 0.0,
  "mean_action_mag": 1.3432577494321962,
  "mean_jerk": 0.5848623624245948,
  "max_action_mag": 1.855074359671175
}