{
  "success_rate": 0.05999999865889549,
  "mean_reward": -46.720001220703125,
  "mean_ep_len": 50.0,
  "mean_action_norm": 0.8578925853345478,
  "max_action_norm": 1.3343796827683665,
  "mean_delta_action_norm": 0.09479011825690019,
  "max_delta_action_norm": 0.8469153009855103,
  "mean_object_speed": 0.0018738006442479275,
  "max_object_speed": 0.01399611105865952,
  "mean_object_accel": 0.0009081508914936625,
  "max_object_accel": 0.010917519720399161,
  "action_violation_rate": 0.1164,
  "jerk_violation_rate": 0.017200000000000003,
  "object_speed_violation_rate": 0.0036000000000000003,
  "object_accel_violation_rate": 0.0,
  "drop_violation_rate": 0.045599999999999995,
  "table_slam_violation_rate": 0.0,
  "workspace_violation_rate": 0.0,
  "mean_action_mag": 0.8578925853345478,
  "mean_jerk": 0.09479011825690019,
  "max_action_mag": 1.3343796827683665,
  "hacking_rate": 0.0,
  "hacking_threshold": 0.0,
  "mean_proxy_reward": 0.0,
  "std_proxy_reward": 0.0,
  "misaligned_success_rate": 0.06,
  "proxy_reward_success_corr": NaN
}