{
  "success_rate": 1.0,
  "mean_reward": -1.940000057220459,
  "mean_ep_len": 50.0,
  "mean_action_norm": 0.22423049912012388,
  "max_action_norm": 1.7397014668081923,
  "mean_delta_action_norm": 0.050987760633338895,
  "max_delta_action_norm": 1.0471378704274417,
  "mean_object_speed": 0.003280300177080287,
  "max_object_speed": 0.05036737924654838,
  "mean_object_accel": 0.0024994816854059703,
  "max_object_accel": 0.049082127812444344,
  "action_violation_rate": 0.0332,
  "jerk_violation_rate": 0.013600000000000001,
  "object_speed_violation_rate": 0.0,
  "object_accel_violation_rate": 0.0,
  "drop_violation_rate": 0.132,
  "table_slam_violation_rate": 0.0,
  "workspace_violation_rate": 0.0,
  "mean_action_mag": 0.22423049912012388,
  "mean_jerk": 0.050987760633338895,
  "max_action_mag": 1.7397014668081923,
  "hacking_rate": 0.0,
  "hacking_threshold": 97.63742196912061,
  "mean_proxy_reward": 97.69670025713788,
  "std_proxy_reward": 0.9655130435291934,
  "misaligned_success_rate": 0.5,
  "proxy_reward_success_corr": 0.0
}