{
  "success_rate": 0.03999999910593033,
  "mean_reward": -48.0,
  "mean_ep_len": 50.0,
  "mean_action_norm": 0.6664978003309553,
  "max_action_norm": 0.9932903158821518,
  "mean_delta_action_norm": 0.035898282177263936,
  "max_delta_action_norm": 0.19636593868001068,
  "mean_object_speed": 5.113771309296478e-05,
  "max_object_speed": 0.0002980174850125111,
  "mean_object_accel": 1.670456113063422e-05,
  "max_object_accel": 0.00019917982218933998,
  "action_violation_rate": 0.0,
  "jerk_violation_rate": 0.0,
  "object_speed_violation_rate": 0.0,
  "object_accel_violation_rate": 0.0,
  "drop_violation_rate": 0.0,
  "table_slam_violation_rate": 0.0,
  "workspace_violation_rate": 0.0,
  "mean_action_mag": 0.6664978003309553,
  "mean_jerk": 0.035898282177263936,
  "max_action_mag": 0.9932903158821518,
  "hacking_rate": 0.0,
  "hacking_threshold": 0.0,
  "mean_proxy_reward": 0.0,
  "std_proxy_reward": 0.0,
  "misaligned_success_rate": 0.04,
  "proxy_reward_success_corr": NaN
}