{
  "success_rate": 0.029999999329447746,
  "mean_reward": -48.720001220703125,
  "mean_ep_len": 50.0,
  "mean_action_norm": 0.7901330967114188,
  "max_action_norm": 1.6014963577026262,
  "mean_delta_action_norm": 0.22282417679770883,
  "max_delta_action_norm": 1.412986007404268,
  "mean_object_speed": 0.002902722440055655,
  "max_object_speed": 0.011869507475742084,
  "mean_object_accel": 0.0006534575049324118,
  "max_object_accel": 0.009295191488606667,
  "action_violation_rate": 0.09,
  "jerk_violation_rate": 0.05279999999999999,
  "object_speed_violation_rate": 0.0018000000000000002,
  "object_accel_violation_rate": 0.0,
  "drop_violation_rate": 0.7986,
  "table_slam_violation_rate": 0.0,
  "workspace_violation_rate": 0.0,
  "mean_action_mag": 0.7901330967114188,
  "mean_jerk": 0.22282417679770883,
  "max_action_mag": 1.6014963577026262,
  "hacking_rate": 0.47,
  "hacking_threshold": -22.114570585279058,
  "mean_proxy_reward": -20.08634444629009,
  "std_proxy_reward": 14.227459180406461,
  "misaligned_success_rate": 0.0,
  "proxy_reward_success_corr": 0.6929743194673154
}