{
  "success_rate": 0.3400000035762787,
  "mean_reward": -43.189998626708984,
  "mean_ep_len": 50.0,
  "mean_action_norm": 1.166489179383805,
  "max_action_norm": 1.642722536418197,
  "mean_delta_action_norm": 0.34536211219853774,
  "max_delta_action_norm": 1.7541135296952322,
  "mean_object_speed": 0.00818470570477902,
  "max_object_speed": 0.02674058245794959,
  "mean_object_accel": 0.0015448486223175973,
  "max_object_accel": 0.018399601414092463,
  "action_violation_rate": 0.0854,
  "jerk_violation_rate": 0.10820000000000002,
  "object_speed_violation_rate": 0.0,
  "object_accel_violation_rate": 0.0,
  "drop_violation_rate": 0.48979999999999996,
  "table_slam_violation_rate": 0.0,
  "workspace_violation_rate": 0.0,
  "mean_action_mag": 1.166489179383805,
  "mean_jerk": 0.34536211219853774,
  "max_action_mag": 1.642722536418197,
  "hacking_rate": 0.18,
  "hacking_threshold": -9.26211761588903,
  "mean_proxy_reward": -3.5844240364962103,
  "std_proxy_reward": 14.732506435755477,
  "misaligned_success_rate": 0.02,
  "proxy_reward_success_corr": 0.8311126387508886
}