{
  "success_rate": 0.1599999964237213,
  "mean_reward": -45.400001525878906,
  "mean_action_mag": 0.22498469561338424,
  "mean_jerk": 0.00259334962698631,
  "max_action_mag": 0.38043010234832764,
  "mean_ep_len": 50.0
}