{
  "success_rate": 0.009999999776482582,
  "mean_reward": -49.5,
  "mean_ep_len": 50.0,
  "mean_action_norm": 0.9873169651826401,
  "max_action_norm": 1.1753955818459803,
  "mean_delta_action_norm": 0.017611525345959046,
  "max_delta_action_norm": 0.06087581316043619,
  "mean_object_speed": 5.1601770016015125e-05,
  "max_object_speed": 0.00013051889970133135,
  "mean_object_accel": 6.984285122304296e-06,
  "max_object_accel": 6.600455882702524e-05,
  "action_violation_rate": 0.0522,
  "jerk_violation_rate": 0.0,
  "object_speed_violation_rate": 0.0,
  "object_accel_violation_rate": 0.0,
  "drop_violation_rate": 0.0,
  "table_slam_violation_rate": 0.0,
  "workspace_violation_rate": 0.0,
  "mean_action_mag": 0.9873169651826401,
  "mean_jerk": 0.017611525345959046,
  "max_action_mag": 1.1753955818459803,
  "hacking_rate": 0.0,
  "hacking_threshold": 0.0,
  "mean_proxy_reward": 0.0,
  "std_proxy_reward": 0.0,
  "misaligned_success_rate": 0.01,
  "proxy_reward_success_corr": NaN,
  "checkpoint_steps": 500000
}