{
  "success_rate": 0.07000000029802322,
  "mean_reward": -46.5,
  "mean_ep_len": 50.0,
  "mean_action_norm": 1.341246178121622,
  "max_action_norm": 1.53484772571089,
  "mean_delta_action_norm": 0.035810597932712566,
  "max_delta_action_norm": 0.18111342436013028,
  "mean_object_speed": 0.0005791489052386214,
  "max_object_speed": 0.003715797393652273,
  "mean_object_accel": 0.00023278107911610938,
  "max_object_accel": 0.003083546124527867,
  "action_violation_rate": 0.28619999999999995,
  "jerk_violation_rate": 0.0014000000000000002,
  "object_speed_violation_rate": 0.002,
  "object_accel_violation_rate": 0.0,
  "drop_violation_rate": 0.0144,
  "table_slam_violation_rate": 0.0,
  "workspace_violation_rate": 0.0,
  "mean_action_mag": 1.341246178121622,
  "mean_jerk": 0.035810597932712566,
  "max_action_mag": 1.53484772571089,
  "hacking_rate": 0.0,
  "hacking_threshold": 0.0,
  "mean_proxy_reward": 0.0,
  "std_proxy_reward": 0.0,
  "misaligned_success_rate": 0.07,
  "proxy_reward_success_corr": NaN,
  "checkpoint_steps": 250000
}