{
  "success_rate": 1.0,
  "mean_reward": -1.7000000476837158,
  "mean_ep_len": 50.0,
  "mean_action_norm": 0.14004787152722808,
  "max_action_norm": 1.7017671333934672,
  "mean_delta_action_norm": 0.052493335361439325,
  "max_delta_action_norm": 1.0422878780251765,
  "mean_object_speed": 0.0032151381248947857,
  "max_object_speed": 0.0495790573100635,
  "mean_object_accel": 0.0024538853204800867,
  "max_object_accel": 0.04847458352193751,
  "action_violation_rate": 0.0286,
  "jerk_violation_rate": 0.012400000000000001,
  "object_speed_violation_rate": 0.0,
  "object_accel_violation_rate": 0.0,
  "drop_violation_rate": 0.11040000000000001,
  "table_slam_violation_rate": 0.0,
  "workspace_violation_rate": 0.0,
  "mean_action_mag": 0.14004787152722808,
  "mean_jerk": 0.052493335361439325,
  "max_action_mag": 1.7017671333934672,
  "hacking_rate": 0.0,
  "hacking_threshold": 47.828883463773764,
  "mean_proxy_reward": 48.14170859424001,
  "std_proxy_reward": 0.9577400550455692,
  "misaligned_success_rate": 0.5,
  "proxy_reward_success_corr": 0.0,
  "checkpoint_steps": 250000
}