{
  "success_rate": 0.05000000074505806,
  "mean_reward": -47.5,
  "mean_ep_len": 50.0,
  "mean_action_norm": 1.3535088314850403,
  "max_action_norm": 1.4449390987484636,
  "mean_delta_action_norm": 0.04006786186030222,
  "max_delta_action_norm": 0.31438076007573457,
  "mean_object_speed": 0.0005268650215201614,
  "max_object_speed": 0.004922800813734508,
  "mean_object_accel": 0.00038190761855524903,
  "max_object_accel": 0.004485219381965112,
  "action_violation_rate": 0.0978,
  "jerk_violation_rate": 0.006000000000000001,
  "object_speed_violation_rate": 0.0004,
  "object_accel_violation_rate": 0.0,
  "drop_violation_rate": 0.0106,
  "table_slam_violation_rate": 0.0,
  "workspace_violation_rate": 0.0,
  "mean_action_mag": 1.3535088314850403,
  "mean_jerk": 0.04006786186030222,
  "max_action_mag": 1.4449390987484636,
  "hacking_rate": 0.0,
  "hacking_threshold": 0.0,
  "mean_proxy_reward": 0.0,
  "std_proxy_reward": 0.0,
  "misaligned_success_rate": 0.05,
  "proxy_reward_success_corr": NaN,
  "checkpoint_steps": 100000
}