{
  "success_rate": 0.18000000715255737,
  "mean_reward": -47.720001220703125,
  "mean_action_mag": 0.05865231167525053,
  "mean_jerk": 0.0009254787911777384,
  "max_action_mag": 0.1436900943517685,
  "mean_ep_len": 50.0
}